batch_size,sequential_time,parallel_time,speedup,sequential_rate,parallel_rate,sequential_success,parallel_success
3,80.7552080154419,35.567265033721924,2.2704924862475795,2.2289584092902177,5.060833320451796,3,3
5,144.95113515853882,44.34235715866089,3.2689091073776435,2.0696629914065734,6.765540201811405,5,5
8,194.222825050354,56.98357701301575,3.4084000203425475,2.471388210296888,8.423479626250247,8,8
