batch_size,sequential_time,parallel_time,speedup,sequential_rate,parallel_rate,sequential_success,parallel_success
3,70.05408596992493,24.43978786468506,2.866395009555361,2.5694432738338233,7.3650393774528595,3,3
5,138.28949809074402,65.63793110847473,2.106853396433286,2.1693621290254694,4.570527969631054,5,5
8,192.0078308582306,80.33492684364319,2.3900915629379695,2.4998980398586403,5.974985213271304,8,8
