batch_size,sequential_time,parallel_time,speedup,sequential_rate,parallel_rate,sequential_success,parallel_success
3,88.02469897270203,20.679913997650146,4.2565311917014865,2.0448806085189917,8.704098093466605,3,3
5,115.81562209129333,57.66779899597168,2.0083239538825386,2.590324125388893,5.2022099893383515,5,5
8,191.41778469085693,51.676207065582275,3.704176362013733,2.5076039866160214,9.288607412514468,8,8
