batch_size,sequential_time,parallel_time,speedup,sequential_rate,parallel_rate,sequential_success,parallel_success
3,1297.5781128406525,35.744690895080566,36.30128224214786,0.1387199723999234,5.0357128707125804,3,3
5,159.2375349998474,54.775707721710205,2.9070831144502773,1.8839779201573768,5.476880399686663,5,5
8,233.38407111167908,72.8107841014862,3.2053503336316256,2.0566956335692255,6.592430035239825,8,8
